link, lable,
https://rocket-market.ru/catalog/foto_video_i_audiotekhnika/,"Фото, видео и аудиотехника"
https://www.mvideo.ru/audiotehnika,"Фото, видео и аудиотехника"
https://www.mvideo.ru/audiotehnika-i-dj-oborudovanie-9,"Фото, видео и аудиотехника"
https://future-phone.ru/catalog/televizory_audio_video_foto,"Фото, видео и аудиотехника"
https://www.kombik.com/catalog/view/audio-technica-atw1702/,"Фото, видео и аудиотехника"
https://www.fotosklad.ru/,"Фото, видео и аудиотехника"
https://foto-market.ru/,"Фото, видео и аудиотехника"
https://igadget16.ru/audio-equipment,"Фото, видео и аудиотехника"
https://kvin-tur.ru/tury-za-granitsu/,Зарубежный туризм
https://www.pegast-agent.ru/otdyh-za-granicej/,Зарубежный туризм
https://magput.ru/tours/ekskursionnye-tury-za-granitsu,Зарубежный туризм
https://www.1001tur.ru/hot/,Зарубежный туризм
https://travelata.ru/tury,Зарубежный туризм
https://level.travel/,Зарубежный туризм
https://www.aborigen-tour.ru/book/region-tour/,Зарубежный туризм
https://tancy.pro/,Танцы
https://danco-studio.ru/course_adult/,Танцы
https://9zalov.ru/,Танцы
https://trix-family.ru/zanjatija-tancami,Танцы
https://www.galladance.com/directions/grown-up/sovremennye-tantsy/,Танцы
https://danceschools.ru/frunzenskij-rajon.htm,Танцы
https://vk.com/platforma29,Танцы
https://m-food.ru/,Доставка готовых блюд и продуктов
https://elementaree.ru/,Доставка готовых блюд и продуктов
https://journal.tinkoff.ru/list/food-delivery/,Доставка готовых блюд и продуктов
https://edadeal.ru/journal/230329-the-best-ready-to-eat-food-deliveries-for-the-week/,Доставка готовых блюд и продуктов
https://www.nam-nyam.ru/blog/vybrat-edu-na-den/,Доставка готовых блюд и продуктов
https://www.google.com/url?sa=t&rct=j&q=&esrc=s&source=web&cd=&cad=rja&uact=8&ved=2ahUKEwjB_8jRg9OBAxWFUXcKHRxRAyk4FBAWegQIBBAB&url=https%3A%2F%2Fkakvkusno.ru%2F&usg=AOvVaw3_01OPenux_KZNw611WlK6&opi=89978449,Доставка готовых блюд и продуктов
https://waterstation.ru/,Доставка воды
https://www.akva-mir.ru/catalog/kulery,Доставка воды
https://msk.yp.ru/detail/id/akvaekspress_g_kolomna_4300019/,Доставка воды
https://delan.ru/?prmn_fias=4929,Доставка воды
https://vodasnezhok.app11.ru/,Доставка воды
https://водаводолей.рф/,Доставка воды
https://market-delivery.yandex.ru/retail/komus/product/d3215f09-bf27-443b-b110-9ab9640d565e,Канцелярские товары
https://market.yandex.ru/product--brauberg-korrektiruiushchaia-zhidkost-classic-s-kistochkoi-20-ml-220255/745063379,Канцелярские товары
https://market-delivery.yandex.ru/retail/komus/product/05b4256e-f2dc-41cb-aa54-7eecc9158b47,Канцелярские товары
https://leonardo.ru/ishop/tree_9538925450/,Канцелярские товары
https://www.wildberries.ru/brands/lihit-lab/penaly,Канцелярские товары
https://my-shop.ru/shop/product/4970712.html,Канцелярские товары
https://on.pleer.ru/product_951390_Brauberg_Dandelions_271032.html,Канцелярские товары
https://www.lamborghini-avtodom.ru/,Авто
https://spb.lamborghini-avtodom.ru/news/aukcion-pervogo-nft-lamborghini-otkryt/,Авто
https://moscow.110km.ru/prodazha/lamborghini/,Авто
https://porsche-dealer.ru/,Авто
https://www.ileasing.ru/catalog/car/kupe/porsche_911_carrera_4s_kupe/,Авто
https://vk.com/bkbaraxolkamsk,Авто
https://www.avito.ru/elektrogorsk/orgtehnika_i_rashodniki/printery-ASgBAgICAUSoAoQK,Принтеры и МФУ
https://yandex.ru/products/product/1777955465/sku/779068040,Принтеры и МФУ
https://electrogorsk.compbu.ru/periphery/printers/laser-printers/cherno-belye-lazernye-printery/,Принтеры и МФУ
https://electrogorsk.compbu.ru/periphery/printers/laser-printers/cherno-belye-lazernye-printery/defective/,Принтеры и МФУ
https://www.mvideo.ru/products/struinoe-mfu-epson-stylus-photo-px720wd-30012940?utm_medium=cpc&utm_source=yandex&utm_campaign=cn:mg_dsa_content_p_msk%7Ccid:81760034&utm_term=&utm_content=ph:4133932%7Cre:4133932%7Ccid:81760034%7Cgid:5222795505%7Caid:14447404097%7Cadp:no%7Cpos:other3%7Csrc:search_none%7Cdvc:desktop%7Ccoef_goal:0%7Cregion:21621%7CРеутов&pid=yandexdirect_int&c=mg_dsa_content_p_msk&af_c_id=81760034&is_retargeting=true&af_reengagement_window=30d&af_click_lookback=7d&clickid=9127819228067397631&yclid=9127819228067397631,Принтеры и МФУ
https://www.nwht.ru/catalog/printery/printer_samsung_xpress_m2020.html?yclid=12989834439123009535?yclid=12989834439123009535,Принтеры и МФУ
https://www.avito.ru/kazan/mototsikly_i_mototehnika/mototsikly-ASgBAgICAUQ80k0,Мото
https://kazan.mototeka.su/catalog/mototekhnika/mototsikly/,Мото
https://казань.мопеды.рф/catalog/motorcycles/,Мото
https://slotmoto.ru/,Мото
https://slotmoto.ru/catalog/zapchasti/,Мото
https://slotmoto.ru/catalog/aksessuary/,Мото
https://i-ias.ru/outsourcing/,Бухгалтерские углуги
https://bmb-family.ru/,Бухгалтерские углуги
https://www.naka.ru/buhgalterskie_uslugi/,Бухгалтерские углуги
https://кликбух.рф/,Бухгалтерские углуги
https://кликбух.рф/tseny/,Бухгалтерские углуги
https://кликбух.рф/nashi-uslugi/bukhgalterskie-uslugi/,Бухгалтерские углуги
https://izhevsk.jsprav.ru/buhgalterskie-uslugi/klikbukh-umnaia-bukhgalteriia/,Бухгалтерские углуги
https://express-diz-home-remont.ru/,Дизайн интерьера
https://vk.com/design.interior3d,Дизайн интерьера
https://www.brovkindesign.com/,Дизайн интерьера
https://readyto.ru/,Дизайн интерьера
https://projectburo.ru/,Дизайн интерьера
https://www.inmyroom.ru/photos/klassicheskiy,Дизайн интерьера
https://realty.ya.ru/journal/post/klassicheskiy-stil-v-interere/,Дизайн интерьера
https://ormatek.com/catalog/krovati/product/krovat-sofa-milton/80-190-ldsp-belyy/,Мебель
https://ormatek.com/catalog/krovati/product/krovat-alba-c-pm/80-190-tkan-rogozhka-tetra-goluboy/,Мебель
https://www.anatomiyasna.ru/tovary/krovat-dimax-dzheffer/?size=120-200&option%5B%5D=14324&option%5B%5D=26430&option%5B%5D=31622&option%5B%5D=61290#,Мебель
https://www.anatomiyasna.ru/krovati-sofa/belye/,Мебель
https://www.yamaguchi.ru/massazhnyie-kresla/liberty-gray,Мебель
https://nika.land/,Кино
https://ruskino.ru/,Кино
https://www.dvhab.ru/kino/,Кино
https://rg.ru/tema/kultura/kino,Кино
https://мегакино42.рф/,Кино
https://www.museikino.ru/,Кино
https://go.tutu.ru/location/alps_3171991/days_5/,Зарубежный туризм
https://www.1001tur.ru/switzerland/tury/bernskie_alpy/days_7/,Зарубежный туризм
https://tomeet.travel/tours/alpine-vacations/,Зарубежный туризм
https://белла-отель.рф/happytime/,Зарубежный туризм
https://www.turadvisor.ru/,Зарубежный туризм
https://www.airbnb.ru/europe/stays/villas,Покупка и аренда
https://worldvillas.ru/,Покупка и аренда
https://www.agoda.com/villas/,Покупка и аренда
https://prian.ru/rent/houses/,Покупка и аренда
https://www.villabereg.ru/,Покупка и аренда
https://phuket.rest/product/arenda-nedvizhimosty/,Покупка и аренда
https://ak-remont.ru/service/country/,Ремонт
https://www.gips-montazh.ru/remont-kottedzhej/remont-zagorodnogo-doma.html,Ремонт
https://www.forma-group.ru/services/remont-zhilykh-pomeshcheniy/,Ремонт
https://www.mos.ru/city/projects/kapremont/,Ремонт
https://www.remontexpress.ru/remont-kommercheskih-pomescheniy/,Ремонт
https://tehstroy-city.ru/remont-pomeschenij/remont-kommercheskix-pomeshhenij,Ремонт
https://remakademiya.ru/remont-ofisov/remont-kommercheskih-pomeshchenij-ofisov,Ремонт
https://www.wildberries.ru/catalog/81728390/detail.aspx?utm_campaign=lorealru&utm_source=cpd_oap_elsevehyaluron_yandexdisplay&utm_medium=partner&utm_content=prog_display&utm_term=main_aw,Парфюмерия и косметика
https://www.letu.ru/product/rochas-mademoiselle-rochas/53700063,Парфюмерия и косметика
https://perviyonline.ru/,Парфюмерия и косметика
http://www.parfumelita.ru/,Парфюмерия и косметика
https://perfume-cosmetics.ru/,Парфюмерия и косметика
https://www.filion.ru/shops/parfjumerija-i-kosmetika/,Парфюмерия и косметика
https://msk.parfumica.ru/,Парфюмерия и косметика
https://www.ozon.ru/category/kosmetika-i-parfyumeriya/,Парфюмерия и косметика
https://www.apple.com/ru/macbook-air/,Компьютерная техника
https://market.yandex.ru/product--13-6-noutbuk-apple-macbook-air-13-2022-2560x1664-apple-m2-ram-8-gb-lpddr5-ssd-256-gb-apple-graphics-8-core-macos-polunochnyi/1766132334?sku=101893804745&utm_term=91013%7C101893804745&clid=1601&utm_source_service=web&utm_source=yandex&utm_medium=search&utm_campaign=ymp_offer_promo_april2023_best10_bko_dyb_search&utm_content=cid%3A86353695%7Cgid%3A5175045367%7Caid%3A13921844313%7Cph%3A3805533%7Cpt%3Apremium%7Cpn%3A4%7Csrc%3Anone%7Cst%3Asearch%7Crid%3A3805533%7Ccgcid%3A20729119&adjust_t=fs3pybh&adjust_ya_click_id=15522145997889994751&yclid=15522145997889994751&src_pof=1648&baobab_event_id=ln6f8tfj1&wprid=1696101833143419-6591508731518024951-balancer-l7leveler-kubr-yp-sas-66-BAL-9549&icookie=d3ihxhZyI3N%2BVx24tsoZB5kK8lfkWDo6fJEikinOq8gF0orlRtSfIoAkTZw7Ny%2BCNkXzQFuqXfw9r0u92OZrM66OFO0%3D,Компьютерная техника
https://re-store.ru/catalog/Z124000H0/?utm_medium=cpc&utm_source=yandex&utm_campaign=cid%3A82425457_cn%3Adsa_feed_new_p_rf&utm_term=ph%3A3815958_kw%3A&utm_content=re%3A3815958%7Cgr%3A5176811078%7Cb%3A13937604931%7Cdrf%3Ano%7Cst%3Asearch%7Cs%3Anone%7Cp%3A3%7Cpt%3Aother%7Cdt%3Adesktop%7Ccgc%3A0&utm_id=82425457&yclid=4526856557176029183,Компьютерная техника
https://market.yandex.ru/product--videokarta-gigabyte-geforce-rtx-4060-ti-eagle-8-gb-gv-n406teagle-8gd/1866830853?sku=102029796762&utm_term=91031%7C102029796762&clid=1601&utm_source_service=web&utm_source=yandex&utm_medium=search&utm_campaign=ymp_offer_promo_april2023_best10_bko_dyb_search&utm_content=cid%3A86353695%7Cgid%3A5175045367%7Caid%3A13921844313%7Cph%3A3805533%7Cpt%3Apremium%7Cpn%3A1%7Csrc%3Anone%7Cst%3Asearch%7Crid%3A3805533%7Ccgcid%3A20729119&adjust_t=fs3pybh&adjust_ya_click_id=13306931160110071807&yclid=13306931160110071807&src_pof=1648&baobab_event_id=ln6f98wj1&wprid=1696101860070975-6045472875365124893-balancer-l7leveler-kubr-yp-sas-120-BAL-6162&icookie=d3ihxhZyI3N%2BVx24tsoZB5kK8lfkWDo6fJEikinOq8gF0orlRtSfIoAkTZw7Ny%2BCNkXzQFuqXfw9r0u92OZrM66OFO0%3D,Компьютерная техника
https://www.mvideo.ru/komputernye-komplektuushhie-5427/videokarty-5429,Компьютерная техника
https://www.eldorado.ru/c/videokarty/?utm_source=yandex&utm_medium=organic&utm_campaign=yandex&utm_referrer=yandex,Компьютерная техника
https://www.apple.com/ru/airpods/,"Фото, видео и аудиотехника"
https://www.apple.com/ru/airpods-max/,"Фото, видео и аудиотехника"
https://market.yandex.ru/product--apple-naushniki-apple-airpods-max-zelenyi/947478402?utm_term=16265387%7C947478402&clid=1601&utm_source_service=web&utm_source=yandex&utm_medium=search&utm_campaign=ymp_offer_dp_elektronika_model_2_dyb_search_rus&utm_content=cid:83032985%7Cgid:5283823995%7Caid:14997855281%7Cph:4536452%7Cpt:other%7Cpn:2%7Csrc:none%7Cst:search%7Crid:4536452%7Ccgcid:20726610&adjust_t=fs3pybh&adjust_ya_click_id=16516174369602928639&referrer=reattribution%3D1&yclid=16516174369602928639&baobab_event_id=ln6fncy9ua&wprid=1696102497101214-9522035937294245962-balancer-l7leveler-kubr-yp-sas-149-BAL-4501&src_pof=1601&icookie=d3ihxhZyI3N%2BVx24tsoZB5kK8lfkWDo6fJEikinOq8gF0orlRtSfIoAkTZw7Ny%2BCNkXzQFuqXfw9r0u92OZrM66OFO0%3D,"Фото, видео и аудиотехника"
https://market.yandex.ru/search/?text=beats%20наушники&clid=1601&cpa-perf=1&utm_source_service=web&utm_source=yandex&utm_medium=search&utm_campaign=ymp_cat_dp_elektronika_naushniki_i_bluetoothgarnitury_syb_search_rus%7C90555&utm_content=cid:61933068%7Cgid:4818490008%7Caid:11720597948%7Cph:36372917991%7Cpt:premium%7Cpn:1%7Csrc:none%7Cst:search%7Ccgcid:0&utm_term=beats%20наушники&adjust_t=fs3pybh&adjust_ya_click_id=16196256513459224575&referrer=reattribution%3D1&etext=&src_pof=901&icookie=OOoe8hYg%2BhFaZoCwgAspdwusUjrj4w/sENR8%2BUcMpfQ/SONCe6lprSnI25LD9rGR2iZ76ppr3pphrNsJ1jqjzLH3aH0%3D&wprid=255259827163656902724989025485082&yclid=5748748936340904978,"Фото, видео и аудиотехника"
https://re-store.ru/accessories/headphones/brand_beats/,"Фото, видео и аудиотехника"
https://www.avito.ru/moskva?q=наушники+beats,"Фото, видео и аудиотехника"
https://boxberry.ru/market/category/naushniki-i-bluetooth-garnitury/brand-beats/,"Фото, видео и аудиотехника"
https://www.gazprombank.ru/special/autocredit/?utm_source=yandex&utm_medium=cpc&utm_campaign=cid:97186372%7Ccn:Y%7Cmsk%7CGeneral%7Cregular%7CGeo%7Crk:general%7Cd:perform%7Cpn:auto_credit%7Crt:search%7Cag:icontext&utm_content=ad:15141244613%7Cst:search%7Cs:none%7Cpt:premium%7Cdt:desktop%7Ccmid:97186372%7Cgrid:5302289615%7Crgid:21621%7Crgn:Реутов%7Ccoefgoal:19152618%7C&utm_term=кредит%20на%20машину%202023%7Cph:47679562698&yclid=13459378789464670207,Банки и кредиты
https://www.vtb.ru/personal/avtokredity/gosprogramma-subsidirovaniya-avtokreditov-2022/,Банки и кредиты
https://sovcombank.ru/blog/avtokrediti/lgotnii-avtokredit,Банки и кредиты
https://www.autonews.ru/news/64144d799a79477702f8211e,Банки и кредиты
https://www.vbr.ru/banki/autokredity/gospodderzhgka/?utm_referrer=https%3A%2F%2Fyandex.ru%2F,Банки и кредиты
https://alfabank.ru/,Банки и кредиты
https://zvuk.com/playlist/7843601?utm_source=realweb&utm_medium=yandex_rw&utm_campaign=zvuk_ao_dsa_search_msk&utm_content=play_event&utm_term=&yclid=13055425167406661631,Музыка
https://zaycev.net/genres/index.html,Музыка
https://patefon.org/pls/1034315926,Музыка
https://rur.hitmotop.com/artist/1195,Музыка
https://my.mail.ru/music/artists/Филипп%20Киркоров,Музыка
https://vk.com/artist/filippkirkorov/top_audios,Музыка
https://showman-dm.ru/,Свадьба
https://vika-shandro.ru/,Свадьба
https://uslugi.yandex.ru/21621-reutov/category?text=тамада,Свадьба
https://www.avito.ru/reutov/predlozheniya_uslug/prazdniki_meropriyatiya-ASgBAgICAUSYC7yfAQ?q=тамада,Свадьба
https://msk.gorko.ru/тамада/,Свадьба
https://profi.ru/artist/tamada/reutov/,Свадьба
https://youdo.com/promo/weddings/compere,Свадьба
https://calorazh.ru/,Здоровое питание
https://cyberleninka.ru/article/n/vysokobelkovaya-nizkokaloriynaya-dieta-s-vklyucheniem-belkovyh-zameniteley-pischi-kak-effektivnaya-strategiya-uluchsheniya,Здоровое питание
https://www.ayzdorov.ru/dieta_pohydenie_nizkokalloriinaya.php,Здоровое питание
https://ria.ru/20230215/diety-1852043150.html,Здоровое питание
https://lafoy.ru/pp-salaty-2457,Здоровое питание
https://www.edimdoma.ru/retsepty/tags/8799-vkusnye-prostye-pp-salaty,Здоровое питание
https://www.labirint.ru/?point=yd10&utm_source=yandex&utm_medium=cpc&utm_campaign=shopping_y&added=no&block=premium&key=---autotargeting&retargeting=40657198933&ad=12593946546&phrase=40657198933&gbid=5002656995&device=desktop&region=21621&region_name=Реутов&yclid=4651310314889674751,Книги
https://www.chitai-gorod.ru/,Книги
https://www.chitai-gorod.ru/comics,Книги
https://www.rsl.ru/,Книги
https://rgdb.ru/,Книги
https://vk.com/rgdbru,Книги
https://slovobooks.ru/catalog/biblioteka_detskoy_klassiki_v_50_tomakh_/?r1=yandext&r2=&roistat=direct1_search_%7B71993873%7D_rsMasterGroup_rsMasterBanner_&yclid=8982269827483172863,Книги
https://market.yandex.ru/product--kovrik-ikea-emten-50-x-80-sm-dlia-vannoi-komnaty/1777222220?sku=101853641756&utm_term=13022247%7C101853641756&clid=1601&utm_source_service=web&utm_source=yandex&utm_medium=search&utm_campaign=ymp_offer_dp_dom_ikea_sale_bko_dyb_search_rus&utm_content=cid%3A89779860%7Cgid%3A5226050277%7Caid%3A14497367384%7Cph%3A4100470%7Cpt%3Apremium%7Cpn%3A4%7Csrc%3Anone%7Cst%3Asearch%7Crid%3A4100470%7Ccgcid%3A20726417&adjust_t=fs3pybh&adjust_ya_click_id=8236553521087905791&referrer=reattribution%3D1&yclid=8236553521087905791&src_pof=1648&baobab_event_id=ln6fwzvx1&wprid=1696102966668699-3929538920577936449-balancer-l7leveler-kubr-yp-sas-120-BAL-3117&icookie=d3ihxhZyI3N%2BVx24tsoZB5kK8lfkWDo6fJEikinOq8gF0orlRtSfIoAkTZw7Ny%2BCNkXzQFuqXfw9r0u92OZrM66OFO0%3D&_redirectCount=1,Товары для дома
https://postel-deluxe.ru/vanna/kovriki-vannaia.html?utm_source=yandex&utm_medium=cpc&utm_campaign=50092653&utm_term=коврик%20для%20ванной&banner=9354024581&m1=1&key=коврик%20для%20ванной&yclid=14815664355631955967,Товары для дома
https://market.yandex.ru/product--vaza-pasabahce-flora-43407b/1779143119?sku=101861316731&utm_term=4992497%7C101861316731&clid=1601&utm_source_service=web&utm_source=yandex&utm_medium=search&utm_campaign=ymp_offer_dp_dom_bko_dyb_search_rus&utm_content=cid%3A64762544%7Cgid%3A4662475652%7Caid%3A11052503588%7Cph%3A1872307%7Cpt%3Apremium%7Cpn%3A1%7Csrc%3Anone%7Cst%3Asearch%7Crid%3A1872307%7Ccgcid%3A20726417&adjust_t=fs3pybh&adjust_ya_click_id=14774376116796784639&referrer=reattribution%3D1&yclid=14774376116796784639&src_pof=1648&baobab_event_id=ln6fxuf51&wprid=1696103007748679-237640977245100548-balancer-l7leveler-kubr-yp-sas-102-BAL-7583&icookie=d3ihxhZyI3N%2BVx24tsoZB5kK8lfkWDo6fJEikinOq8gF0orlRtSfIoAkTZw7Ny%2BCNkXzQFuqXfw9r0u92OZrM66OFO0%3D&_redirectCount=1,Товары для дома
https://hoff.ru/catalog/tovary_dlya_doma/dekor/vazy_i_tsvety/vazy/vaza_bb620_id8427219/?articul=80403450&utm_source=yandex.direct&utm_medium=cpc&utm_term=&utm_campaign=dsagallery-category-tdd-tdd-gp-mskmo-vse-cpa-nan-93756999&utm_content=v2%7C%7C14838273973%7C%7C4679850%7C%7C%7C%7C4%7C%7Cpremium%7C%7Cnone%7C%7Csearch%7C%7Cno&utm_adtarget=93756999_ТДД%20-%20Декор%20-%20Фид_4679850_no_none&calltouch_tm=yd_c:93756999_gb:5265444280_ad:14838273973_ph:4679850_st:search_pt:premium_p:4_s:none_dt:desktop_reg:21621_ret:4679850_apt:none&yclid=818972149286699007&utm_referrer=https%3A%2F%2Fyandex.ru%2F,Товары для дома
https://market-delivery.yandex.ru/retail/perekrestok/product/92b134bf-3bff-46ea-8ea5-fa92a0cc5aae?utm_medium=cpc&utm_source=yasearch&utm_campaign=96716703.%5BDC%5DMX_Retail-goal_RU-MOS-MOW_PEREKRESTOK_gallery_feed_segmentA_search_NU&utm_content=15060474342&utm_term=Все%20товары%7C%7Cpid%7C4585292%7Caid%7C15060474342%7Ctype3%7Cdesktop%7Cnone%7Csearch&yclid=14198230509293142015,Товары для дома
https://market.yandex.ru/product--cactus-cs-mf01-mnogorazovaia-salfetka/1777931149?utm_term=91078%7C1777931149&clid=1601&utm_source_service=web&utm_source=yandex&utm_medium=search&utm_campaign=ymp_offer_dp_komputer_model_8_bko_dyb_search_rus&utm_content=cid%3A94475516%7Cgid%3A5283982283%7Caid%3A14999178911%7Cph%3A4537648%7Cpt%3Apremium%7Cpn%3A7%7Csrc%3Anone%7Cst%3Asearch%7Crid%3A4537648%7Ccgcid%3A20728017&adjust_t=fs3pybh&adjust_ya_click_id=9942565992741208063&referrer=reattribution%3D1&yclid=9942565992741208063&src_pof=1648&baobab_event_id=ln6fygsk2&wprid=1696103028747900-13398041335616944803-balancer-l7leveler-kubr-yp-sas-50-BAL-1323&icookie=d3ihxhZyI3N%2BVx24tsoZB5kK8lfkWDo6fJEikinOq8gF0orlRtSfIoAkTZw7Ny%2BCNkXzQFuqXfw9r0u92OZrM66OFO0%3D,Товары для дома
https://www.wildberries.ru/catalog/dlya-doma/tovary-dlya-uborki/shvabry,Товары для дома
https://sfish.ru/,Рыбалка
https://leska.media/,Рыбалка
https://vk.com/fishingroup,Рыбалка
https://megamarket.ru/catalog/details/udochka-cvetnaya-teleskopicheskaya-45-metra-s-katushkoy-leskoy-i-poplavkom-600008794300/?utm_source=yandex&utm_medium=cpc&utm_campaign=smm_search_dsa_galereya:11_sport_i_aktivnyy_otdyh_[msk_mo]_%7C74718756%7C&utm_term=3377979.12200032480.&utm_content=4923884792.premium.1.0.none.21621.Реутов&adjust_ya_click_id=11554611625211461631&adjust_campaign=smm_search_dsa_galereya%3A11_sport_i_aktivnyy_otdyh_%5Bmsk_mo%5D&adjust_tracker=4a3jxi1_j6n0ehs&yclid=11554611625211461631,Рыбалка
https://kaida-fish.ru/catalog/kdf_troutex_125_sn23_3_gr/forelevaya_blesna_kdf_troutex_125_sn23_3_gr_30_mm_tsv_h13_31a_6/?yclid=15154038174336679935,Рыбалка
https://kaida-fish.ru/catalog/order_/spinning_kaida_order_2_10_m_test_0_5_3_gr_art_228_210/?yclid=16100362476369477631,Рыбалка
https://ugra-sport.ru/shop/leski/pletenye-shnury/92705/strong-line/pletenyy-shnur-mottomo-strong-line-pe-0-6-4kg-150m-dark-green.html?utm_source=yandex&utm_medium=cpc&utm_campaign=products_search&yclid=3697400962973433855,Рыбалка
https://1000-podarkov.ru/chto-podarit-devushke/,Подарки и цветы
https://2cherry.ru/blog-o-podarkah/Chto-podarit-devushke/,Подарки и цветы
https://www.kp.ru/expert/podarki/chto-podarit-parnyu-na-den-rozhdeniya/,Подарки и цветы
https://journal.citilink.ru/articles/chto-podarit-parnyu-17-idej-dlya-otdyha-i-uspehov-v-rabote-i-sporte/,Подарки и цветы
https://megacvet24.ru/rozy-opt/?utm_source=eLama-yandex&utm_medium=cpc&utm_campaign=ОПТ%20S%20(90%)21(100)(33%)(571)(664)(У)(ПЗП)%7C66322058&utm_content=cid%7C66322058%7Cgid%7C4714361963%7Caid%7C11241012639%7Cadp%7Cno%7Cdvc%7Cdesktop%7Cpid%7C34374609934%7Crid%7C34374609934%7Cdid%7C34374609934%7Cpos%7Cpremium1%7Cadn%7Csearch%7Ccrid%7C0%7C&utm_term=рижский%20рынок&yclid=753146197859631103,Подарки и цветы
https://www.rigamarket.net/,Подарки и цветы
https://www.rigamarket.net/,Подарки и цветы
https://promo-msk.gazelkin.ru/brand?utm_source=direct&utm_medium=cpc&utm_campaign=GZ_gruz_yandex_poisk_msk_gruz-dostavka&utm_term=доставка%20груза&utm_content=campaignid=91480961_groupid=5248194671_adid=14712252422_device=desktop_geo=Реутов_source=none__v3%7C%7C14712252422%7C%7C46153000088%7C%7Cдоставка%20груза%7C%7C2%7C%7Cpremium%7C%7Cnone%7C%7Csearch%7C%7Cno%7C%7C91480961%7C%7C5248194671&calltouch_tm=yd_c:91480961_gb:5248194671_ad:14712252422_ph:46153000088_st:search_pt:premium_p:2_s:none_dt:desktop_reg:21621_ret:46153000088_apt:none&yclid=5926099387475296255,Грузоперевозки и транспортные услуги
https://www.dellin.ru/?utm_source=AIS-YDS&utm_medium=cpc&utm_campaign=NST-NB-NA-75803391-75803391-DL_AIS_Y_MSK_SPB_RSYA_GENERAL_MASTER&utm_term=---autotargeting&ad=12350618809&phrase=39651035058&retargeting=39651035058&gbid=4955053160&yclid=16064811422760828927,Грузоперевозки и транспортные услуги
https://www.baikalsr.ru/?utm_source=yandex&utm_medium=cpc&utm_campaign=97032931.obschie_rf_poisk_vit&utm_position=other.2&utm_term=&yclid=16492725814302867455,Грузоперевозки и транспортные услуги
https://ltl.cdek.ru/?utm_source=yandex&utm_medium=cpc&utm_campaign=LTL_МК&utm_content=k50id%7C0100000047419292530_47419292530%7Ccid%7C97156273%7Cgid%7C5296451157%7Caid%7C15097266862%7Cadp%7Cno%7Cpos%7Cother4%7Csrc%7Csearch_none%7Cdvc%7Cdesktop%7C%dop%&yclid=9600683935813074943,Грузоперевозки и транспортные услуги
https://pecom.ru/marketplace/?utm_source=yandex&utm_medium=cpc&utm_campaign=context_ya_retail_rf_poisk_a&utm_content=yandex_direct%7Ccid_95746911%7Cgid_5283075015%7Cad_14991623482%7Cph_47065556507%7Ccrt_0%7Cpst_other%7Cps_1%7Csrct_search%7Csrc_none%7Cdevt_desktop%7Cret_47065556507%7Cgeo_21621%7Ccf_0%7Cint_%7Ctgt_47065556507%7Cadd_no&utm_term=---autotargeting&yclid=9315700041140666367,Грузоперевозки и транспортные услуги
https://profi.ru/raznoe/gruzoperevozki/,Грузоперевозки и транспортные услуги
https://market.yandex.ru/product--bumaga-tsvetnaia-staff-profit-a4-80-g-m2-100-l-5-tsv-kh-20-l-pastel-dlia-ofisa-i-doma-110889/579678009?sku=100787861786&utm_term=91046%7C100787861786&clid=1601&utm_source_service=web&utm_source=yandex&utm_medium=search&utm_campaign=ymp_offer_dp_komputer_feed_3_msku_1_bko_dyb_search_rus&utm_content=cid%3A84222270%7Cgid%3A5145391811%7Caid%3A13621957322%7Cph%3A3597384%7Cpt%3Apremium%7Cpn%3A2%7Csrc%3Anone%7Cst%3Asearch%7Crid%3A3597384%7Ccgcid%3A20728017&adjust_t=fs3pybh&adjust_ya_click_id=5960124735116279807&referrer=reattribution%3D1&yclid=5960124735116279807&src_pof=1648&baobab_event_id=ln6gb6yl0&wprid=1696103630293910-6565561697530619483-balancer-l7leveler-kubr-yp-vla-141-BAL-4195&icookie=d3ihxhZyI3N%2BVx24tsoZB5kK8lfkWDo6fJEikinOq8gF0orlRtSfIoAkTZw7Ny%2BCNkXzQFuqXfw9r0u92OZrM66OFO0%3D,Канцелярские товары
https://www.auchan.ru/brand/centrum/kancelyariya-dlya-tvorchestva/?promocodePopup=sentyabrsept2023&utm_medium=cpc&utm_source=yandex&utm_campaign=nonbrand_ven_General_p_msk%7C81118193&utm_term=---autotargeting&utm_content=k50id%7C0100000044543475659_44543475659%7Ccid%7C81118193%7Cgid%7C5095856444%7Caid%7C15066465673%7Cadp%7Cno%7Cpos%7Cother1%7Csrc%7Csearch_none%7Cdvc%7Cdesktop%7Cmain&k50id=0100000044543475659_44543475659&yclid=8161881911987535871,Канцелярские товары
https://yandex.ru/products/product/1778042091/sku/665104121?text=клей+карандаш+купить&rs=eJxNk81y2jAUhXedwnTVRd4i7b1XkiUtbcCAcUyww583DASwCcH8BGPgtfsCtUlTs9SMzpzznSPRn2_O7-oDpo1Bz-63h-Z2_9Y9-I_h3m2ZP6sopQJOZCBVJHGQACgKQX0R2wlm59bS7FrRZr54jV_dUgCCUYUznh-ZFs6v6sNoHFwd7c4C5VtyHgSG7VuX7EvAAIG-czAEaYmFQTfruOlyFqbBWakLtEyLp1lUJhL6M5HBSbBCoNKdNVx_7BbHJa4S0WCnVszuEukcwTAEAke6OYiwbXjYjK67q9Ofd9NtPfTM_4mISUkVzUnmSmHcBBuzM-wkGzXKgub7EfrQdtNe6SCBKoIIcw9iBXNkh6k8hK1VfE5fam_77XLdTaI7Zvpklio3gOoDh5p_9tX-sZWtHAd4vExTp2TmSlEVcx1XWsGNIV0r7zxNs7j3Hk2eJxNvTYd6dDcD3GbImQGgEBzGmd5Pzeyt7Uwn58PGPA2cRgld1FnhWmlSwKhgGBjZbLTm7kW9D7Z2XWUrtezf74Zfu6mbQTBSNH-a842XJOlTPKptOk9-WRLmNytKGhyNfzP0lu54a0Ot12u-6Is_ddDtBiUCgrjtpggRoWjJvk7rVjIOT4fMMzqW2fWaC1U68HzooiWmmeDIHaw-xAf20R_G1w7iaT0hDyjQx-hnRRsKhc6D0A8EZIxISlBUpBrVnrnXvowjcxOysd8wr3zXv_sQTOWpNGipOd6e33q-P5ltexcdkxm82sIaRke3xGCUv6Yc2yiWoL8P8N6s&lr=21621,Канцелярские товары
https://www.sima-land.ru/kley-karandash/,Канцелярские товары
https://online.lenta.com/item/573307?utm_medium=cpc&utm_source=yandex&utm_campaign=DSA_gal_p_allregions%7C88443999&utm_term=&utm_content=k50id%7C010000004080434_4080434%7Ccid%7C88443999%7Cgid%7C5221850795%7Caid%7C14818828345%7Cadp%7Cno%7Cpos%7Cother3%7Csrc%7Csearch_none%7Cdvc%7Cdesktop%7Cmain&k50id=010000004080434_4080434&yclid=8709648408558174207,Канцелярские товары
https://ручки-оптом.рф/,Канцелярские товары
https://канцопт24.рф/collection/sharikovye-ruchki,Канцелярские товары
https://tver.110km.ru/vybor/kupit-s-probegom-poderzhannie-tver/,Авто
https://tver.kupiprodai.ru/auto/tver_cars/,Авто
https://tver.mbib.ru/used,Авто
https://ac-dubrovka.ru/?utm_source=yandex&utm_medium=cpl&utm_campaign=91628086&utm_content=5249516159&utm_term=---autotargeting&utm_type=tovarka&yclid=5332357252610260991,Авто
https://китайские-автомобили.рус/cars/?utm_source=yandex&utm_medium=cpc&utm_campaign=China_Salon_SEARCH&utm_content=13128276695&utm_term=---autotargeting&yclid=17676563299388620799,Авто
https://second-cars.ru/cars/nissan/?utm_source=yandex&utm_medium=cpc&utm_campaign=Nissan_Tovar&utm_term=---autotargeting&utm_content=none&yclid=8769978235320008703,Авто
https://market.yandex.ru/product--3d-printer-flyingbear-aone-2/1739659712?utm_term=9283442%7C1739659712&clid=1601&utm_source_service=web&utm_source=yandex&utm_medium=search&utm_campaign=ymp_offer_dp_komputer_feed_3_model_3_bko_dyb_search_rus&utm_content=cid%3A84222291%7Cgid%3A5283980082%7Caid%3A14999160769%7Cph%3A4537521%7Cpt%3Apremium%7Cpn%3A1%7Csrc%3Anone%7Cst%3Asearch%7Crid%3A4537521%7Ccgcid%3A20728017&adjust_t=fs3pybh&adjust_ya_click_id=7455898953121267711&referrer=reattribution%3D1&yclid=7455898953121267711&src_pof=1648&baobab_event_id=ln6gh7an1&wprid=1696103910893889-6912094391047467716-balancer-l7leveler-kubr-yp-vla-161-BAL-7268&icookie=d3ihxhZyI3N%2BVx24tsoZB5kK8lfkWDo6fJEikinOq8gF0orlRtSfIoAkTZw7Ny%2BCNkXzQFuqXfw9r0u92OZrM66OFO0%3D,Принтеры и МФУ
https://3dpt.ru/collection/3d-printer,Принтеры и МФУ
https://mygs.ru/catalog/3D_prints,Принтеры и МФУ
https://www.originalam.net/all-in-one-ciss/epson/wf-2850-originalam.html?utm_source=yandex&utm_medium=cpc&utm_term=Принтер%20Для%20Офиса&utm_content=pu_ofis&utm_campaign=yndx_pu_msk&roistat=direct24_search_6756135722_Принтер%20Для%20Офиса&roistat_referrer=none&roistat_pos=other_2&yclid=540002917323374591,Принтеры и МФУ
https://beston.market/top/kompyuternaya-texnika/10-luchshih-printerov-dlja-nebolshogo-i-krupnogo-ofisa.html,Принтеры и МФУ
https://expertology.ru/luchshikh-mfu-dlya-ofisa/,Принтеры и МФУ
https://auto.ru/,Авто
https://auto.ru/cars/used/,Авто
https://auto.drom.ru/,Авто
https://m.avito.ru/all/avtomobili,Авто
https://auto.ria.com/,Авто
https://www.autonews.ru/,Авто
https://autospot.ru/,Авто
https://av.by/,Авто
https://auto.mail.ru/,Авто
https://www.copart.com/ru,Авто
https://cena-auto.ru/,Авто
https://ru.wiktionary.org/wiki/%D0%B0%D0%B2%D1%82%D0%BE,Авто
https://www.gazeta.ru/auto/,Принтеры и МФУ
https://www.mvideo.ru/periferiinye-ustroistva-23/mfu-146,Принтеры и МФУ
https://www.ozon.ru/category/mfu-15772/,Принтеры и МФУ
https://www.dns-shop.ru/catalog/17a8df6816404e77/lazernye-mfu/,Принтеры и МФУ
https://www.eldorado.ru/c/mfu/,Принтеры и МФУ
https://www.citilink.ru/catalog/mfu/,Принтеры и МФУ
https://www.komus.ru/katalog/tekhnika/ofisnaya-tekhnika/printery-i-mfu/mfu/c/12665/,Принтеры и МФУ
https://rozetka.com.ua/printers-mfu/c80007/,Принтеры и МФУ
https://market.yandex.ru/catalog--printery-i-mfu/18072714/list,Принтеры и МФУ
https://market.yandex.ru/catalog--printery-i-mfu/18072709/list,Принтеры и МФУ
https://www.technopark.ru/mfu/,Принтеры и МФУ
https://www.foroffice.ru/products/mfu.html,Принтеры и МФУ
https://megamarket.ru/catalog/mfu/,Принтеры и МФУ
https://www.technodom.kz/catalog/noutbuki-i-komp-jutery/periferijnye-ustrojstva/mfu,Принтеры и МФУ
https://www.21vek.by/mfp,Принтеры и МФУ
https://micro-line.ru/printery-mfu/,Принтеры и МФУ
https://catalog.onliner.by/printers,Принтеры и МФУ
https://hotline.ua/computer/printery-kopiry-mfu/72/,Принтеры и МФУ
https://www.foxtrot.com.ua/ru/shop/mfu.html,Принтеры и МФУ
https://sila.by/catalog/printery_i_mfu,Принтеры и МФУ
https://5element.by/catalog/287-mfu,Принтеры и МФУ
https://shop.kz/mfu-lazernye/filter/almaty-is-v_nalichii-or-ojidaem-or-dostavim/apply/,Принтеры и МФУ
https://texus.by/catalog/mfu/,Принтеры и МФУ
https://www.regard.ru/catalog/1056/printery-i-mfu,Принтеры и МФУ
https://www.wildberries.ru/catalog/elektronika/noutbuki-pereferiya/periferiynye-ustroystva/mfu,Принтеры и МФУ
https://www.officemag.ru/catalog/2573/,Принтеры и МФУ
https://www.ozon.ru/category/kantselyarskie-tovary-18000/,Канцелярские товары
https://www.komus.ru/katalog/kantstovary/c/3303/,Канцелярские товары
https://www.officemag.ru/catalog/782/,Канцелярские товары
https://www.labirint.ru/office/,Канцелярские товары
https://leonardo.ru/ishop/tree_3727030909/,Канцелярские товары
https://www.sima-land.ru/kanctovary/,Канцелярские товары
https://kanc-mir.ru/,Канцелярские товары
https://megamarket.ru/catalog/kancelyarskie-tovary-dlya-shkoly/,Канцелярские товары
https://www.delovoy.by/,Канцелярские товары
https://kanc.kz/,Канцелярские товары
https://www.onlinetrade.ru/catalogue/kantselyarskie_tovary-c1123/,Канцелярские товары
https://oz.by/stationery/,Канцелярские товары
https://www.officeton.by/catalog/kantstovary-17298/,Канцелярские товары
https://elefant.by/,Канцелярские товары
https://www.deloks.ru/katalog/kategoriya/kantselyarskie-tovary/,Канцелярские товары
https://sibverk.ru/catalog/kantstovary/,Канцелярские товары
https://office.by/catalog/tovary-dlya-ofisa/,Канцелярские товары
https://www.papirus.com.ua/catalog/view/cid.482/,Канцелярские товары
https://oe.kz/catalog/kantselyarskie-tovary/,Канцелярские товары
https://office.by/,Канцелярские товары
https://artterritory.by/catalog/kantselyariya/,Канцелярские товары
https://officetonmarket.by/catalog/kantstovary-49156/,Канцелярские товары
https://daliban.by/kancelyarskie-tovary/,Канцелярские товары
https://darvish.by/,Канцелярские товары
https://office-mix.com.ua/,Канцелярские товары
https://gotovim-doma.ru/,Кулинария
https://www.russianfood.com/recipes/bytype/?fid=99,Кулинария
https://www.youtube.com/channel/UCY9Z6-_8H_hg2Eft1_WTnxg,Кулинария
https://www.russianfood.com/recipes/bytype/?fid=791,Кулинария
https://www.edimdoma.ru/,Кулинария
https://www.edimdoma.ru/jivem_doma/posts/24248-vkusnye-idei-dlya-dlinnyh-vyhodnyh-20-retseptov-ot-edim-doma,Кулинария
https://www.gastronom.ru/,Кулинария
https://1000.menu/,Кулинария
https://www.delikateska.ru/recipes,Кулинария
https://mir24.tv/kulinarnye-recepty/simple/list/filter/all,Кулинария
https://www.say7.info/,Кулинария
https://kedem.ru/,Кулинария
https://www.pinterest.com/bmakarskaya/%D1%80%D0%B5%D1%86%D0%B5%D0%BF%D1%82%D1%8B/,Кулинария
https://mir24.tv/kulinariya-recepty/simple/list/filter/all,Кулинария
https://www.5-tv.ru/tabloid/food/,Кулинария
https://www.gotovim.ru/,Кулинария
https://vkuso.ru/,Кулинария
https://webspoon.ru/,Кулинария
https://www.facebook.com/groups/228204688289146/,Кулинария
https://eda.ru/recepty,Кулинария
https://www.vkusnopoem.ru/,Кулинария
https://povar.ru/,Кулинария
https://www.povarenok.ru/recipes/,Кулинария
https://ok.ru/group53536844021967,Кулинария
https://gotovim-doma-retsepty.ru/,Кулинария
https://receptishi.ru/recepty,Кулинария
https://vk.com/rucooking,Кулинария
https://megamarket.ru/catalog/details/sovremennaya-kulinariya-ovoshi-originalnye-recepty-ot-professionalov-100025487855/,Кулинария
https://www.sgotov.ru/,Кулинария
https://poeli.ucoz.ru/index/0-2,Кулинария
https://uzhindoma.ru/blog/,Кулинария
https://cookingman.ru/,Кулинария
https://www.instagram.com/recept_best/?hl=en,Кулинария
